Input,Expected
22.2734,
22.1940,
22.0847,
22.1741,
22.1840,
22.1344,
22.2337,
22.4323,
22.2436,
22.2933,22.22475
22.1542,22.21192
22.3926,22.24477
22.3816,22.26965
22.6109,22.33170
23.3558,22.51790
24.0519,22.79681
23.7530,22.97066
23.8324,23.12734
23.9516,23.27721
23.6338,23.34204
23.8225,23.42940
23.8722,23.50991
23.6537,23.53605
23.1870,23.47259
23.0976,23.40441
23.3260,23.39015
22.6805,23.26112
23.0976,23.23139
22.4025,23.08068
22.1725,22.91556
